{
  "version": 1,
  "author": "Arjun Singh",
  "editor": "wokwi",
  "parts": [
    { "type": "wokwi-arduino-mega", "id": "mega", "top": 0, "left": 0, "attrs": {} },
    {
      "type": "wokwi-servo",
      "id": "servo1",
      "top": -177.68,
      "left": -165.82,
      "rotate": 270,
      "attrs": {}
    },
    {
      "type": "wokwi-servo",
      "id": "servo2",
      "top": -219.31,
      "left": 372.42,
      "rotate": 270,
      "attrs": {}
    },
    {
      "type": "wokwi-servo",
      "id": "servo3",
      "top": 317.05,
      "left": -265.65,
      "rotate": 270,
      "attrs": {}
    },
    {
      "type": "wokwi-servo",
      "id": "servo4",
      "top": 301.69,
      "left": 321.46,
      "rotate": 270,
      "attrs": {}
    },
    {
      "type": "wokwi-dht22",
      "id": "dht1",
      "top": -191.04,
      "left": 13.95,
      "attrs": { "temperature": "80", "humidity": "94.5" }
    },
    {
      "type": "wokwi-dht22",
      "id": "dht2",
      "top": -202.73,
      "left": 321.75,
      "attrs": { "humidity": "68", "temperature": "10.3" }
    },
    {
      "type": "wokwi-dht22",
      "id": "dht3",
      "top": 319.03,
      "left": -93.53,
      "attrs": { "temperature": "73", "humidity": "88.5" }
    },
    {
      "type": "wokwi-dht22",
      "id": "dht4",
      "top": 318.17,
      "left": 491.25,
      "attrs": { "humidity": "6", "temperature": "6.1" }
    },
    {
      "type": "wokwi-photoresistor-sensor",
      "id": "ldr1",
      "top": -100.48,
      "left": 563.91,
      "rotate": 180,
      "attrs": {}
    },
    {
      "type": "wokwi-lcd1602",
      "id": "lcd2",
      "top": 34.73,
      "left": 589.05,
      "attrs": { "pins": "i2c" }
    }
  ],
  "connections": [
    [ "servo2:GND", "mega:GND.1", "black", [ "v36.86", "h67.87" ] ],
    [ "servo1:GND", "mega:GND.1", "black", [ "v29.52", "h-4.67" ] ],
    [ "servo4:GND", "mega:GND.1", "black", [ "v38", "h-201.46" ] ],
    [ "servo3:GND", "mega:GND.1", "black", [ "v32.29", "h-2.89" ] ],
    [ "servo2:V+", "mega:5V", "green", [ "v12.89", "h-95.69", "v304.69", "h194" ] ],
    [
      "servo1:V+",
      "mega:5V",
      "green",
      [ "v8.98", "h-249.25", "v303.55", "h1.14", "v0", "h3.42" ]
    ],
    [ "servo3:V+", "mega:5V", "green", [ "v12.89", "h-387.83", "v306.98", "h2.28" ] ],
    [ "servo4:V+", "mega:5V", "green", [ "v12.89", "h-516.79", "v305.84", "h-2.28" ] ],
    [ "servo2:PWM", "mega:13", "green", [ "v67.67", "h-1.35" ] ],
    [ "servo1:PWM", "mega:12", "green", [ "v62.61", "h-79.58" ] ],
    [ "servo3:PWM", "mega:11", "green", [ "v64.25", "h-0.21" ] ],
    [ "servo4:PWM", "mega:10", "green", [ "v68.81", "h-237.57" ] ],
    [ "dht3:GND", "mega:GND.1", "black", [ "v31.8", "h-106.2" ] ],
    [ "dht1:GND", "mega:GND.1", "black", [ "v18.11", "h-283.09" ] ],
    [ "dht4:GND", "mega:GND.1", "black", [ "v24.95", "h-256.84" ] ],
    [ "dht2:GND", "mega:GND.1", "black", [ "v15.82", "h120.89" ] ],
    [ "dht2:SDA", "mega:8", "green", [ "v72.88", "h-98.86" ] ],
    [ "dht3:SDA", "mega:7", "green", [ "v99.13", "h-15.55" ] ],
    [ "dht4:SDA", "mega:6", "green", [ "v93.41", "h-5.3" ] ],
    [ "dht4:VCC", "mega:5V", "red", [ "v470", "h-76.2" ] ],
    [ "dht3:VCC", "mega:5V", "red", [ "v473.44", "h-54.5" ] ],
    [ "dht2:VCC", "mega:5V", "red", [ "v112.82", "h166.88", "v356.05", "h-17.12" ] ],
    [ "dht1:VCC", "mega:5V", "red", [ "v470.02", "h24.22" ] ],
    [ "dht1:SDA", "mega:9", "green", [ "v88", "h73.6" ] ],
    [ "ldr1:GND", "mega:GND.1", "black", [ "v0" ] ],
    [ "ldr1:VCC", "mega:5V", "red", [ "v0" ] ],
    [ "ldr1:AO", "mega:A0", "green", [ "v0" ] ],
    [ "lcd2:GND", "mega:GND.1", "black", [ "h0" ] ],
    [ "lcd2:VCC", "mega:5V", "red", [ "h0" ] ],
    [ "lcd2:SDA", "mega:20", "green", [ "h0" ] ],
    [ "lcd2:SCL", "mega:SCL", "green", [ "h0" ] ]
  ]
}